dossier;file_name;matiere;filiere;niveau;annee;type;enseignant;pages;photos_source;remarque;motif_attente
epreuves;UCAC-LICOFI-Gestion-Budgetaire-2-Examen-2026.pdf;Gestion Budgétaire 2;LICOFI-LIMAC;;2026;Examen;;2;PHOTO-2026-10-06-21-15-09.jpg | PHOTO-2026-10-06-21-15-10.jpg;Examen final janvier 2026. Niveau non indiqué sur la copie.;niveau-inconnu
epreuves;UCAC-LEG-Structure-et-Organisation-de-l-Entreprise-Examen-2022.pdf;Structure et Organisation de l'Entreprise;LEG;;2022;Examen;Dr MBOE Gustave Georges;2;PHOTO-2026-10-06-21-15-13 2.jpg | PHOTO-2026-10-06-21-15-18 2.jpg;Examen du 18 nov. 2022. Copie avec réponses manuscrites. Niveau non indiqué.;niveau-inconnu
epreuves;UCAC-LEG-Structure-et-Organisation-de-l-Entreprise-Partiel-2022.pdf;Structure et Organisation de l'Entreprise;LEG;;2022;Partiel;Dr MBOE Gustave Georges;2;PHOTO-2026-10-06-21-15-13.jpg | PHOTO-2026-10-06-21-15-18.jpg;Contrôle continu du 15 nov. 2022. Copie avec réponses manuscrites. Niveau non indiqué.;niveau-inconnu
epreuves;UCAC-LEG-Structure-et-Organisation-de-l-Entreprise-Rattrapage-2023.pdf;Structure et Organisation de l'Entreprise;LEG;;2023;Rattrapage;Dr MBOE Gustave Georges;2;PHOTO-2026-10-06-21-15-19.jpg | PHOTO-2026-10-06-21-15-18 3.jpg;Rattrapage mars 2023. Niveau non indiqué.;niveau-inconnu
epreuves;UCAC-LEG-Theorie-de-la-Decision-Examen-2025.pdf;Théorie de la Décision;LEG;;2025;Examen;Dr Ngouana;2;PHOTO-2026-10-06-21-15-59.jpg | PHOTO-2026-10-06-21-15-59 2.jpg;Année 2024-2025. Réponses du QCM entourées. Niveau non indiqué.;niveau-inconnu
epreuves;UCAC-LEG-Theorie-de-la-Decision-Examen-2024.pdf;Théorie de la Décision;LEG;;2024;Examen;Dr Ngouana;2;PHOTO-2026-10-06-21-16-00.jpg | PHOTO-2026-10-06-21-16-02.jpg;Année 2023-2024 (LEG, GQ & AF). Copie annotée. Niveau non indiqué.;niveau-inconnu
epreuves;UCAC-LICOFI2-Mathematiques-Financieres-Examen-2025.pdf;Mathématiques Financières;LICOFI-LIMAC;L2;2025;Examen;Dr NDJEE S.C.;2;PHOTO-2026-10-06-21-15-47.jpg | PHOTO-2026-10-06-21-15-47 2.jpg;Année 2024-2025. Même sujet donné en LEG AF & GQ.;filiere-licofi-absente
epreuves;UCAC-LICOFI2-Mathematiques-Financieres-Partiel-2025.pdf;Mathématiques Financières;LICOFI-LIMAC;L2;2025;Partiel;Dr NDJEE S.C.;2;PHOTO-2026-10-06-21-15-56.jpg | PHOTO-2026-10-06-21-15-56 2.jpg;Contrôle continu 2024-2025.;filiere-licofi-absente
epreuves;UCAC-LICOFI2-Statistique-Probabilite-Partiel-2025.pdf;Statistique-Probabilité;LICOFI-LIMAC;L2;2025;Partiel;BINDOUMOU Martial;4;PHOTO-2026-10-06-21-15-48.jpg | PHOTO-2026-10-06-21-15-49.jpg | PHOTO-2026-10-06-21-15-50.jpg | PHOTO-2026-10-06-21-15-49 2.jpg;Contrôle continu du 10 janv. 2025, campus d'Ekounou.;campus-ekounou
epreuves;UCAC-LICOFI2-Statistique-Probabilite-Examen-2025.pdf;Statistique-Probabilité;LICOFI-LIMAC;L2;2025;Examen;BINDOUMOU Martial;1;PHOTO-2026-10-06-21-15-58.jpg;Examen final janv. 2025, campus d'Ekounou.;campus-ekounou
a-verifier;INCOMPLET-UCAC-L3-LSSD-Politiques-Economiques-Examen-2026-page1.pdf;Politiques Économiques;LSSD;L3;2026;Examen;;1;PHOTO-2026-10-06-21-16-03.jpg;Année 2025-2026. Seule la page 1 (QCM 1 à 6) est présente.;incomplet
a-verifier;INCOMPLET-UCAC-LEG3-Analyse-des-Marches-Financiers-page2.pdf;Analyse des Marchés Financiers;LEG;L3;Année inconnue;Examen;;1;PHOTO-2026-10-06-21-16-12 2.jpg;"Seule la page 2 (exercices 1 et 2) est présente ; page 1 introuvable.";incomplet
